Score,Likely_Functional,gRNA,GC_Content,Has_Optimal_GC,No_Repetitive_Bases,UUU_Not_In_Seed,Good_Position_20,Folding_Energy,Folding_Energy_OK,Duplex Energy,Duplex_Stability_OK,Structure
17,True,UAGGAUCAGUUACUGCUGCG,50.0,True,True,True,True,-2.5,True,-36.4,False,......((((....))))..
17,True,AAGGUCUGGGAAAACCUGCG,55.0,True,True,True,True,-2.9000000953674316,True,-37.7,False,.((((........))))...
17,True,GGAUGCUAGCUGUAACUGGA,50.0,True,True,True,True,-2.200000047683716,True,-37.3,False,.....((((......)))).
17,True,CUAGGCCUUGAACUAGCAGA,50.0,True,True,True,True,-2.9000000953674316,True,-37.0,False,((((........))))....
17,True,UGUAAUCCCAGCUACUCGGG,55.0,True,True,True,True,-2.700000047683716,True,-38.7,False,......(((........)))
17,True,UGUAAUCCCAGCUACUCGGG,55.0,True,True,True,True,-2.700000047683716,True,-38.7,False,......(((........)))
17,True,AGGUCUGGGAAAACCUGCGA,55.0,True,True,True,True,-2.5,True,-38.7,False,((((........))))....
17,True,GAAGCUACGGGAUUCCGCCG,65.0,True,True,True,True,-2.700000047683716,True,-40.9,False,.......(((....)))...
17,True,CUAGUUCAAGGCCUAGACUG,50.0,True,True,True,True,-2.0999999046325684,True,-36.3,False,((((........))))....
17,True,AGGAGAGUCUGAGUAAUCAG,45.0,True,True,True,True,-2.299999952316284,True,-35.2,False,........((((....))))
17,True,UAUGGUAGUCCCGUAAUAAG,40.0,True,True,True,True,-3.0,True,-32.2,False,(((((.....))))).....
17,True,GGGUCCUCCACUCUCCUGGA,65.0,True,True,True,True,-2.200000047683716,True,-44.2,False,......((((......))))
17,True,AGAGUCUGAGUAAUCAGUGG,45.0,True,True,True,True,-2.9000000953674316,True,-35.0,False,.....((((....))))...
17,True,GAGAAUUGCUCGAACCCGGG,60.0,True,True,True,True,-2.0999999046325684,True,-39.2,False,........((((....))))
17,True,AAUUGGGUUUGGAAAUCCUG,40.0,True,True,True,True,-2.9000000953674316,True,-31.6,False,....(((((....)))))..
17,True,GGAGAGAAGAGAUCCCAAGA,50.0,True,True,True,True,-2.0999999046325684,True,-37.6,False,((.((.......))))....
17,True,GAUGCUUGUCACAUAGCUGG,50.0,True,True,True,True,-2.0999999046325684,True,-36.4,False,...(((........)))...
17,True,AAGUGUCAUACACGAGAACG,45.0,True,True,True,True,-2.0,True,-33.1,False,..((((...)))).......
17,True,CGAGACAGGCGGAUCACCUG,65.0,True,True,True,True,-3.0999999046325684,True,-41.7,False,.....((((.......))))
17,True,GUGGCCAGCCAGUCAGCCGA,70.0,True,True,True,True,-2.9000000953674316,True,-45.1,False,.((((..........)))).
17,True,AAACAGGCGUUAGAAACCUG,45.0,True,True,True,True,-2.700000047683716,True,-33.1,False,...((((.........))))
17,True,UGAGAAUUGACCUCAUCCUG,45.0,True,True,True,True,-2.200000047683716,True,-34.9,False,((((.......)))).....
17,True,CUGGGCUUUGCAGCAGAUGG,60.0,True,True,True,True,-2.200000047683716,True,-40.2,False,(((.((...))..)))....
17,True,AAUACCUCUUAUGAGUAGAG,35.0,True,True,True,True,-2.0,True,-30.8,False,.....(((....))).....
17,True,GCAGAGAAAGCGCGACCGCG,70.0,True,True,True,True,-2.299999952316284,True,-42.0,False,.........(((....))).
14.5,False,GAGAGGCUCUGAGAAACCUC,55.0,True,True,True,False,-2.5999999046325684,True,-39.0,False,..((((..........))))
14.5,False,GGAGGGCUUCCUGGACACGC,70.0,True,True,True,False,-2.0,True,-44.6,False,..(((....)))........
13.0,False,GUUAGGAUCCAGGAGGAGGA,55.0,True,True,True,True,-1.899999976158142,False,-39.9,False,.......(((....)))...
12.6,False,AUGAAGUCGACAGCUUCCGG,55.0,True,True,True,True,-3.200000047683716,False,-37.6,False,..(((((.....)))))...
12.6,False,CUCGCCGUUCGGUUCUCCCG,70.0,True,True,True,True,-1.7999999523162842,False,-42.1,False,...(((....))).......
12.2,False,CGAGGCGGGCAGAUCACCUG,70.0,True,True,True,True,-3.299999952316284,False,-43.8,False,..(((.((.....)).))).
11.8,False,GUGAACCGAGAGAGAUCGUG,55.0,True,True,True,True,-1.600000023841858,False,-37.5,False,......(((......)))..
11.8,False,CUGGAGGACGAAGUUUGCAG,55.0,True,True,True,True,-1.600000023841858,False,-37.3,False,(((.(((......))).)))
11.8,False,GUGGGUAGCAAUGAAUGCAG,50.0,True,True,True,True,-1.600000023841858,False,-36.1,False,.......(((.....)))..
11.8,False,GGUACCGUGCGACAUCGCGA,65.0,True,True,True,True,-3.4000000953674316,False,-41.0,False,.......((((....)))).
11.4,False,AGAGACGCUGCGGAUCCCAG,65.0,True,True,True,True,-1.5,False,-42.4,False,.((..((...))..))....
11.4,False,GUGAUCCGUUAUCAUAACUG,40.0,True,True,True,True,-1.5,False,-31.5,False,(((((.....))))).....
11.4,False,AGAAACUACAGUUAAAACUG,30.0,True,True,True,True,-1.5,False,-27.2,False,........((((....))))
11.4,False,GGUGGGUAGAGGGUCUGCAG,65.0,True,True,True,True,-3.5,False,-43.2,False,.....(((((...)))))..
11,False,GAGCGCGGCUGGGAGCAGGG,80.0,False,True,True,True,-2.200000047683716,True,-48.2,False,........(((....)))..
11,False,GGAGGUGCGGGCGCUGCUGG,80.0,False,True,True,True,-2.799999952316284,True,-48.0,False,((.((((....)))).))..
11,False,CGGGUCGGGUGAGAGUGGCG,75.0,False,True,True,True,-2.5999999046325684,True,-45.2,False,...((((........)))).
10.6,False,UUAUUCAGCCUACCACAGGA,45.0,True,True,True,True,-1.2999999523162842,False,-35.6,False,........(((.....))).
10.5,False,CAUUGGGGACUACUAGAUGG,50.0,True,False,True,True,-2.799999952316284,True,-36.6,False,((((.((.....)).)))).
10.5,False,UAGGGGUAAUUAGACACCUG,45.0,True,False,True,True,-2.700000047683716,True,-34.9,False,...((((........)))).
10.2,False,AGUGAGUCAGGGUUACCCGG,60.0,True,True,True,True,-1.2000000476837158,False,-40.6,False,.........((....))...
10.2,False,GUUGGGUUCUGGUUCUGAUG,50.0,True,True,True,True,-1.2000000476837158,False,-36.0,False,((((((.......)))))).
10.2,False,UCUUGCAGUAGAGCUCUGGA,50.0,True,True,True,True,-1.2000000476837158,False,-37.9,False,.....(((.......)))..
10.2,False,GAGGAGGAGAUAACCGCCGG,65.0,True,True,True,True,-3.799999952316284,False,-42.0,False,..((.((......)).))..
9.8,False,UCACAUCCCGCGGCUCACGG,70.0,True,True,True,True,-1.100000023841858,False,-43.7,False,.......(((.......)))
9.8,False,CCUUGCCUGGAAAGAUACCG,55.0,True,True,True,True,-1.100000023841858,False,-37.5,False,((......))..........
9.8,False,UGUAGUCCCAGCUACUCCGG,60.0,True,True,True,True,-3.9000000953674316,False,-41.0,False,.(((((....))))).....
9.8,False,UACCCCAUAAGGUUACUGUG,45.0,True,True,True,True,-1.100000023841858,False,-34.7,False,.(((......))).......
9.8,False,UCGUACUCGAAACCUCAGCA,50.0,True,True,True,True,-1.100000023841858,False,-36.2,False,(((....)))..........
9.8,False,UGGAUGCUAGCUGUAACUGG,50.0,True,True,True,True,-1.100000023841858,False,-37.0,False,.((.(((.....))).))..
9.7,False,AUAGCUACUUCAGAAGGCUC,45.0,True,True,True,False,-1.7000000476837158,False,-35.1,False,..((((.........)))).
9.7,False,CAGGAGAAUUGCUCGAACCC,55.0,True,True,True,False,-1.7000000476837158,False,-37.7,False,...(((.....)))......
9.0,False,GACUAGCUGCUGGACCAGGG,65.0,True,True,True,True,-0.8999999761581421,False,-43.2,False,..((((...)))).......
9.0,False,UAGGUGGUAGAACUAGGACA,45.0,True,True,True,True,-0.8999999761581421,False,-35.8,False,..(((......)))......
9.0,False,AGGAGCUGCCAAUUACAGCG,55.0,True,True,True,True,-4.099999904632568,False,-38.1,False,....((((.......)))).
9.0,False,GUGGACUAGCUGCUGGACCA,60.0,True,True,True,True,-4.099999904632568,False,-41.6,False,.(((.((((...)))).)))
9.0,False,GUGGACCUGGAGCGCUUGAG,65.0,True,True,True,True,-0.8999999761581421,False,-42.2,False,(((.........))).....
9.0,False,GCACGGGCAAAAUAGCAAAG,50.0,True,True,True,True,-0.8999999761581421,False,-34.7,False,((....))............
8.9,False,GCAGAGGGUAGGUGUUUGGG,60.0,True,True,False,True,-1.5,False,-40.5,False,.((((.(.....).))))..
8.6,False,GAAGUAGUAGCACCACUGCA,50.0,True,True,True,True,-4.199999809265137,False,-37.0,False,...(((((......))))).
8.6,False,ACAGCUCCGCAGAAGUUCGG,60.0,True,True,True,True,-0.800000011920929,False,-39.6,False,......(((........)))
8.6,False,GUGAUCAGCCCUGUUCUAGG,55.0,True,True,True,True,-0.800000011920929,False,-38.8,False,.........((((...))))
8.6,False,CCACAGAGCUGGUAAAUGAG,50.0,True,True,True,True,-0.800000011920929,False,-36.1,False,(((......)))........
8.5,False,GGGCAGCGUCGUGCACGGGU,75.0,False,True,True,False,-2.5999999046325684,True,-45.6,False,..(((......)))......
8.2,False,GUGACCAGAGGCCUAACACG,60.0,True,True,True,True,-0.699999988079071,False,-40.0,False,(((...((....))..))).
8.2,False,UUCCUGGUAACACAAGUGUG,45.0,True,True,True,True,-0.699999988079071,False,-34.2,False,..........(((....)))
8.2,False,AGAUACCGCGGUCCCUCCAG,65.0,True,True,True,True,-0.699999988079071,False,-42.5,False,.........((.....))..
7.8,False,UGGAGGACCCGUGAGAUACG,60.0,True,True,True,True,-0.6000000238418579,False,-40.4,False,.((.....))..........
7.8,False,GGGCUUCCUGGACACGCUGG,70.0,True,True,True,True,-0.6000000238418579,False,-44.3,False,.(((...........)))..
7.8,False,AAGUCGUUGUAACCCGAAUG,45.0,True,True,True,True,-0.6000000238418579,False,-32.7,False,...(((........)))...
7.8,False,UGGUUUCCGCAGGAUGAGAG,55.0,True,True,True,True,-0.6000000238418579,False,-38.4,False,.....(((...)))......
7.8,False,GCUGUGGGAGUAGGGAACUG,60.0,True,True,True,True,-0.6000000238418579,False,-40.8,False,(((.....))).........
7.8,False,GAAGCCAAGGAAGAGGAAUG,50.0,True,True,True,True,-0.6000000238418579,False,-36.1,False,....((........))....
7.8,False,UCAGCUCACGCGCCAAUCGG,65.0,True,True,True,True,-0.6000000238418579,False,-41.3,False,...((....)).........
7.8,False,AAGGAAAGGCAAGGGCAAGG,55.0,True,True,True,True,-0.6000000238418579,False,-38.2,False,........((....))....
7.7,False,CAGGAGAAUCGCUUGAACCC,55.0,True,True,True,False,-1.2000000476837158,False,-37.7,False,((((.......)))).....
7.7,False,CAGGAGAAUCGCUUGAACCC,55.0,True,True,True,False,-1.2000000476837158,False,-37.7,False,((((.......)))).....
7.4,False,UGUGAACUAGGGAAGCUCAG,50.0,True,True,True,True,-0.5,False,-36.9,False,..(((.((.....)).))).
7.4,False,UGAACUAGGGAAGCUCAGGG,55.0,True,True,True,True,-0.5,False,-39.2,False,(((.((.....)).)))...
7.4,False,CCAGCACCGGAGGAAGAAAG,60.0,True,True,True,True,-0.5,False,-39.6,False,((......))..........
7.0,False,GCGGAGGGUCAGAUUAGCUG,60.0,True,True,True,True,-0.4000000059604645,False,-40.3,False,((.((........)).))..
7.0,False,AACUGGGAUGAGCUCUUGAG,50.0,True,True,True,True,-0.4000000059604645,False,-36.9,False,....(((.....))).....
7.0,False,CGUGCCCACCACCUAGAACA,60.0,True,True,True,True,-0.4000000059604645,False,-40.4,False,.(((.....)))........
6.6,False,ACGGUAACAGUCCUACACAG,50.0,True,True,True,True,-0.30000001192092896,False,-36.1,False,..((.......)).......
6.6,False,UGGUGGUUACUAGAGCUGGG,55.0,True,True,True,True,-0.30000001192092896,False,-39.2,False,((((....))))........
6.6,False,GCUAGCAUCCAGGUCCCGGG,70.0,True,True,True,True,-0.30000001192092896,False,-44.8,False,........((.......)).
6.6,False,UCCUGGCGAAGCAUACCACA,55.0,True,True,True,True,-0.30000001192092896,False,-39.1,False,...(((.........)))..
6.6,False,GGCGAAGCAUACCACAAGGA,55.0,True,True,True,True,-0.30000001192092896,False,-38.4,False,...........((....)).
6.6,False,AGUUAGAGGUAGAGGUCCGG,55.0,True,True,True,True,-0.30000001192092896,False,-38.8,False,.......((.......))..
6.6,False,AACCUGAGGUCAAAGAUGUG,45.0,True,True,True,True,-0.30000001192092896,False,-34.3,False,.(((...)))..........
6.6,False,AUGGUGGUUACUAGAGCUGG,50.0,True,True,True,True,-0.30000001192092896,False,-37.0,False,.((((....)))).......
6.6,False,AAUGGUGGUUACUAGAGCUG,45.0,True,True,True,True,-0.30000001192092896,False,-34.6,False,..((((....))))......
6.6,False,UGUCCCUCAAAUCCUCUGGA,50.0,True,True,True,True,-0.30000001192092896,False,-37.8,False,....((...........)).
6.5,False,UGGGGAAGUUAGGAUCCAGG,55.0,True,False,True,True,-1.899999976158142,False,-39.3,False,...(((........)))...
6.5,False,ACUUCUAGAGAUCUACUCCC,45.0,True,True,True,False,-0.8999999761581421,False,-35.6,False,.......(((.....)))..
6.2,False,CUGUAAUCCCAGCUACUCGG,55.0,True,True,True,True,-0.20000000298023224,False,-38.0,False,(((......)))........
6.2,False,CAGGCUCUGGCGCUCCUCGG,75.0,False,True,True,True,-1.7000000476837158,False,-46.0,False,..(((......)))......
6.2,False,AGCGCUCCAGGUCCACCCGG,75.0,False,True,True,True,-1.7000000476837158,False,-46.5,False,......((.((....)).))
5.8,False,GCUAAUUGAGAGGUACCCCG,55.0,True,True,True,True,-0.10000000149011612,False,-38.0,False,...........((....)).
5.8,False,AGGAAAAGCUGUUACCUGUG,45.0,True,True,True,True,-0.10000000149011612,False,-34.0,False,(((...........)))...
5.8,False,GAGAAUCGCUUGAACCCGGG,60.0,True,True,True,True,-0.10000000149011612,False,-39.2,False,........((((....))))
5.8,False,GAGAAUCGCUUGAACCCGGG,60.0,True,True,True,True,-0.10000000149011612,False,-39.2,False,........((((....))))
5.8,False,GAGGUGUGGGAGAGCGGUGG,70.0,True,True,True,True,-0.10000000149011612,False,-44.6,False,..(.(((......))).)..
5.4,False,UUAGGAAGGUUGUAUCGCGG,50.0,True,True,True,True,0.0,False,-35.5,False,....................
5.4,False,ACCGGAGGAAGAAAGAGGAG,55.0,True,True,True,True,0.0,False,-38.4,False,....................
5.4,False,UAGGAGGAGAAGCUAAAGAG,45.0,True,True,True,True,0.0,False,-35.0,False,....................
5.4,False,AGAGUAUAACAAGCGCAAGG,45.0,True,True,True,True,0.0,False,-33.7,False,....................
5.4,False,GGAGAAUGGCGUGAACCCGG,65.0,True,True,True,True,0.0,False,-41.4,False,....................
5.4,False,GAUUAGGACAUAGACAUUGG,40.0,True,True,True,True,0.0,False,-32.3,False,....................
5.4,False,GGUCUGCUCUACUUUCUCAG,50.0,True,True,True,True,0.0,False,-36.5,False,....................
5.4,False,UAUCGCGGAGGAAGGAAACG,55.0,True,True,True,True,0.0,False,-37.0,False,....................
5.4,False,UAGAACUCAAAGUACAGCGG,45.0,True,True,True,True,0.0,False,-33.8,False,....................
5.4,False,AGGGAGAAAAGGUCAGAACG,50.0,True,True,True,True,0.0,False,-35.8,False,....................
5.4,False,CAUGAAGUGAGGCAGAUGGA,50.0,True,True,True,True,0.0,False,-37.1,False,....................
5.4,False,ACCACGAAAACCCUCACUCG,55.0,True,True,True,True,0.0,False,-37.2,False,....................
5.4,False,CUUAACUGGCAGCUGGAACG,55.0,True,True,True,True,0.0,False,-37.2,False,....................
5.4,False,GAAUGAGAGCAAGAAAAUGG,40.0,True,True,True,True,0.0,False,-31.5,False,....................
5.4,False,AGUAGAACACUGUAGGCCAG,50.0,True,True,True,True,0.0,False,-36.9,False,....................
5.4,False,AGCAGUAAAGAGUAGAAUGG,40.0,True,True,True,True,0.0,False,-32.4,False,....................
5.4,False,AGGAGAAUGGCGUGAACCCG,60.0,True,True,True,True,0.0,False,-39.7,False,....................
5.4,False,GCACCGGAGGAAGAAAGAGG,60.0,True,True,True,True,0.0,False,-39.9,False,....................
5.4,False,AGAGGAGAGUUAGUCAAGGA,45.0,True,True,True,True,0.0,False,-35.7,False,....................
5.4,False,GUAGGGAGGGAGGAAAGACA,55.0,True,True,True,True,0.0,False,-39.5,False,....................
5.4,False,CAUACAGUUACCGGUCACAG,50.0,True,True,True,True,0.0,False,-35.5,False,....................
5.4,False,AAAGGCCCUCGAAAAGUCCG,55.0,True,True,True,True,0.0,False,-37.0,False,....................
5.4,False,AGGGAGGUGUGGGAGAGCGG,70.0,True,True,True,True,0.0,False,-45.2,False,....................
5.4,False,AGGAGAAAGGGAAUGAGCGA,50.0,True,True,True,True,0.0,False,-36.9,False,....................
5.4,False,CAGUUAGGAAGGUUGUAUCG,45.0,True,True,True,True,0.0,False,-33.2,False,....................
5.4,False,UAUUCCUCCCAUCUUAACUG,40.0,True,True,True,True,0.0,False,-32.7,False,....................
5.4,False,UUGAACCCAGGAGAAGGCGG,60.0,True,True,True,True,0.0,False,-40.4,False,....................
5.4,False,GUAGGGACGGCAAGAGAGGA,60.0,True,True,True,True,0.0,False,-41.1,False,....................
5.4,False,AGUAUAGUAGAGGCCCAAAG,45.0,True,True,True,True,0.0,False,-34.9,False,....................
5.4,False,UCAGAAGCGCACUUUCCCCG,60.0,True,True,True,True,0.0,False,-39.5,False,....................
5.4,False,UGUAGGCAGAUAGGAAAAUG,40.0,True,True,True,True,0.0,False,-32.5,False,....................
5.4,False,UGAGCACACAUAUACCUGGA,45.0,True,True,True,True,0.0,False,-35.8,False,....................
5.4,False,GGUAGAUGAAAAGUGAGUCA,40.0,True,True,True,True,0.0,False,-32.6,False,....................
5.4,False,GAGAAUGGCGUGAACCCGGG,65.0,True,True,True,True,0.0,False,-41.4,False,....................
5.4,False,GAAGUGAGGCAGAUGGAAGG,55.0,True,True,True,True,0.0,False,-38.6,False,....................
5.4,False,AUGCUGAGAAGAUCUGAAGG,45.0,True,True,True,True,0.0,False,-34.9,False,....................
5.4,False,UGUACAGAAGAUCUAUAUGG,35.0,True,True,True,True,0.0,False,-31.0,False,....................
5.4,False,AGAAACUAAGGGCAGACAUG,45.0,True,True,True,True,0.0,False,-34.4,False,....................
5.4,False,GUAUAUCCAAGCGCAGAAUG,45.0,True,True,True,True,0.0,False,-33.6,False,....................
5.4,False,CCAUCCUCUCUACUCAUAAG,45.0,True,True,True,True,0.0,False,-34.7,False,....................
5.4,False,GGUAGGGACGGCAAGAGAGG,65.0,True,True,True,True,0.0,False,-42.5,False,....................
5.4,False,AAUGCUGAGAAGAUCUGAAG,40.0,True,True,True,True,0.0,False,-32.5,False,....................
5.4,False,GUGAGGCAGAUGGAAGGUGG,60.0,True,True,True,True,0.0,False,-40.8,False,....................
5.4,False,GAAAGGCAGGACAUGACAGA,50.0,True,True,True,True,0.0,False,-37.0,False,....................
5.4,False,CCCGAUUGAAAGAACCAGAG,50.0,True,True,True,True,0.0,False,-35.2,False,....................
5.4,False,AGAGGUAAGAGGAUGUGCAA,45.0,True,True,True,True,0.0,False,-35.5,False,....................
5.4,False,GUAACUGGAGGGAAUUGGCG,55.0,True,True,True,True,0.0,False,-37.6,False,....................
5.4,False,ACGGCAUUAUGAAGAAAGUG,40.0,True,True,True,True,0.0,False,-31.3,False,....................
5.4,False,UGUAAUUCCAGCUACUCAGG,45.0,True,True,True,True,0.0,False,-34.8,False,....................
5.4,False,CAUGACAGUAAGCCAACCGA,50.0,True,True,True,True,0.0,False,-36.0,False,....................
5.4,False,GAGAGAAGAGAUCCCAAGAA,45.0,True,True,True,True,0.0,False,-35.3,False,....................
5.4,False,UAGUAGAACACUGUAGGCCA,45.0,True,True,True,True,0.0,False,-35.6,False,....................
5.4,False,GGAGGGAGUCAUUGGAAGGA,55.0,True,True,True,True,0.0,False,-39.5,False,....................
5.0,False,AGGGUUACCCGGAGGAACCA,60.0,True,True,True,True,-5.099999904632568,False,-41.2,False,..((((.((....)))))).
4.6,False,AGACUGGAGAACCCAGCUGA,55.0,True,True,True,True,-5.199999809265137,False,-39.9,False,((.((((.....))))))..
4.5,False,GAGGAGGAGGAGAUAACCGC,60.0,True,True,True,False,-0.4000000059604645,False,-40.8,False,........((......))..
4.5,False,GGGGAGCAGCAUGGAGCCGG,75.0,False,False,True,True,-2.200000047683716,True,-46.8,False,..((..(......)..))..
3.8,False,GGUUACCCGGAGGAACCACG,65.0,True,True,True,True,-5.400000095367432,False,-41.4,False,((((.((....))))))...
3.4,False,GGGAUGGCGGGCGACUCUGG,75.0,False,True,True,True,-1.0,False,-46.2,False,.......(((......))).
2.9,False,UAGGAGAAUCGCUUGAACCC,50.0,True,True,True,False,0.0,False,-36.4,False,....................
2.9,False,AAGGAGAAUGGCGUGAACCC,55.0,True,True,True,False,0.0,False,-38.2,False,....................
2.9,False,UCAAUCGGGGAUGUCUGCAG,55.0,True,False,True,True,-1.0,False,-38.6,False,.....((((....))))...
2.9,False,GCACCUCCUCUACCCGACCC,70.0,True,True,True,False,0.0,False,-45.0,False,....................
2.9,False,AGAUAUAUGAAACAGUACAC,30.0,True,True,True,False,0.0,False,-28.5,False,....................
2.9,False,GAGGAUUUGAGGGACAGGGU,55.0,True,True,True,False,0.0,False,-39.3,False,....................
2.9,False,ACAGCUGUAACACAUCCCAC,50.0,True,True,True,False,0.0,False,-36.8,False,....................
2.9,False,UGUGUGAUGAAAGGAAUGAU,35.0,True,True,True,False,0.0,False,-30.8,False,....................
2.2,False,UAUAAUCCCAGCAUUCUGGG,45.0,True,True,True,True,-5.800000190734863,False,-35.0,False,......(((((....)))))
2.1,False,GAACUGGGGCCAUGGAAUGG,60.0,True,False,True,True,-0.800000011920929,False,-40.6,False,.........((((...))))
1.8,False,GCUGCUGCUGCUCCACGGCG,75.0,False,True,True,True,-4.400000095367432,False,-45.7,False,((((.((......)))))).
1.7,False,ACCCCCAGAUGGAGAAACUG,55.0,True,False,True,True,-0.699999988079071,False,-39.0,False,....((....))........
1.3,False,GAUGUCCCCAGAACCCCCUG,65.0,True,False,True,True,-0.6000000238418579,False,-43.1,False,........(((......)))
0.9,False,UGCGGACCUGGGGUUCCACG,70.0,True,False,True,True,-4.5,False,-44.1,False,((.(((((...)))))))..
-0.2,False,AUAUACAUAGAAUAUCUCUG,25.0,False,True,True,True,-0.10000000149011612,False,-26.9,False,.......((((.....))))
-1.1,False,UUGAGGGGCUGUGUGAAGGG,60.0,True,False,True,True,0.0,False,-41.1,False,....................
-1.1,False,GUUGGGGAGUAAGAGAAGGA,50.0,True,False,True,True,0.0,False,-37.1,False,....................
-1.1,False,GGGUGUUGGGGAGUAAGAGA,55.0,True,False,True,True,0.0,False,-39.3,False,....................
-1.1,False,GAGAAAAGGUCAGAACGGGG,55.0,True,False,True,True,0.0,False,-37.5,False,....................
-1.1,False,AGGCAGAUAGGAAAAUGGGG,50.0,True,False,True,True,0.0,False,-36.8,False,....................
-2.2,False,CCUGCGGAAAGUGCGCGCGG,75.0,False,True,True,True,-5.400000095367432,False,-43.8,False,.(((((.........)))))
-3.4,False,CACAGGCAGAGAGCACUGUG,60.0,True,True,True,True,-7.199999809265137,False,-40.5,False,(((((((.....)).)))))
-3.4,False,GGCGGACCGCGUGCGCUCGG,85.0,False,True,True,True,-5.699999809265137,False,-48.1,False,((((.((...)).))))...
-4.7,False,GGGGGAGAGCAGGCAGCGGG,80.0,False,False,True,True,-0.6000000238418579,False,-49.0,False,........((.....))...
-7.1,False,GUCUGCUCCCACCCCCACCG,75.0,False,False,True,True,0.0,False,-46.7,False,....................
